# generated by ews.pipeline on 2026-05-12T02:21:30, loader=drawdown
ticker,date,label_a,forward_max_drawdown,label_b
AAL,2009-06-30,0,-0.3489361228156231,
AAL,2009-07-31,0,-0.3489361228156231,
AAL,2009-08-31,0,-0.3489361228156231,
AAL,2009-09-30,0,-0.3489361228156231,
AAL,2009-10-31,0,-0.16682044182823624,
AAL,2009-11-30,0,-0.16682044182823624,
AAL,2009-12-31,0,-0.16682044182823624,
AAL,2010-01-31,0,-0.16682044182823624,
AAL,2010-02-28,0,-0.2697201334381254,
AAL,2010-03-31,0,-0.2697201334381254,
AAL,2010-04-30,0,-0.2697201334381254,
AAL,2010-05-31,0,-0.2697201334381254,
AAL,2010-06-30,0,-0.2697201334381254,
AAL,2010-07-31,1,-0.47073790802790955,
AAL,2010-08-31,1,-0.5258693813042479,
AAL,2010-09-30,1,-0.533502991032052,
AAL,2010-10-31,1,-0.533502991032052,
AAL,2010-11-30,1,-0.5770610175086927,
AAL,2010-12-31,1,-0.5284715061093997,
AAL,2011-01-31,1,-0.5241936824355089,
AAL,2011-02-28,1,-0.4813189240481071,
AAL,2011-03-31,1,-0.4813189240481071,
AAL,2011-04-30,1,-0.4813189240481071,
AAL,2011-05-31,1,-0.4813189240481071,
AAL,2011-06-30,1,-0.4702581388998797,
AAL,2011-07-31,0,-0.24358985582312617,
AAL,2011-08-31,0,-0.200299912310558,
AAL,2011-09-30,0,-0.2153037997113951,
AAL,2011-10-31,0,-0.2153037997113951,
AAL,2011-11-30,0,-0.2153037997113951,
AAL,2011-12-31,0,-0.2153037997113951,
AAL,2012-01-31,0,-0.2153037997113951,
AAL,2012-02-29,0,-0.2153037997113951,
AAL,2012-03-31,0,-0.2153037997113951,
AAL,2012-04-30,0,-0.2153037997113951,
AAL,2012-05-31,0,-0.2153037997113951,
AAL,2012-06-30,0,-0.2153037997113951,
AAL,2012-07-31,0,-0.0872599509454901,
AAL,2012-08-31,0,-0.1648578337752294,
AAL,2012-09-30,0,-0.1648578337752294,
AAL,2012-10-31,0,-0.1648578337752294,
AAL,2012-11-30,0,-0.1648578337752294,
AAL,2012-12-31,0,-0.1648578337752294,
AAL,2013-01-31,0,-0.1648578337752294,
AAL,2013-02-28,0,-0.1648578337752294,
AAL,2013-03-31,0,-0.1648578337752294,
AAL,2013-04-30,0,-0.1648578337752294,
AAL,2013-05-31,0,-0.1648578337752294,
AAL,2013-06-30,0,-0.1648578337752294,
AAL,2013-07-31,0,-0.1648578337752294,
AAL,2013-08-31,0,-0.093378383609722,
AAL,2013-09-30,0,-0.17202174009894997,
AAL,2013-10-31,0,-0.17202174009894997,
AAL,2013-11-30,0,-0.17202174009894997,
AAL,2013-12-31,0,-0.17202174009894997,
AAL,2014-01-31,0,-0.17202174009894997,
AAL,2014-02-28,0,-0.17202174009894997,
AAL,2014-03-31,0,-0.17202174009894997,
AAL,2014-04-30,0,-0.17202174009894997,
AAL,2014-05-31,0,-0.2067338265639307,
AAL,2014-06-30,0,-0.25222902289188437,
AAL,2014-07-31,0,-0.25222902289188437,
AAL,2014-08-31,0,-0.2684996569636823,
AAL,2014-09-30,0,-0.27131473933106004,
AAL,2014-10-31,0,-0.27131473933106004,
AAL,2014-11-30,0,-0.27131473933106004,
AAL,2014-12-31,0,-0.27131473933106004,
AAL,2015-01-31,0,-0.26107645153130143,
AAL,2015-02-28,0,-0.26107645153130143,
AAL,2015-03-31,0,-0.26107645153130143,
AAL,2015-04-30,0,-0.2764341702036888,
AAL,2015-05-31,0,-0.3042238483305213,
AAL,2015-06-30,0,-0.3827193623384387,
AAL,2015-07-31,0,-0.3827193623384387,
AAL,2015-08-31,0,-0.3827193623384387,
AAL,2015-09-30,0,-0.3827193623384387,
AAL,2015-10-31,0,-0.3827193623384387,
AAL,2015-11-30,0,-0.32776120649417545,
AAL,2015-12-31,0,-0.32776120649417545,
AAL,2016-01-31,0,-0.3076847921459353,
AAL,2016-02-29,0,-0.3076847921459353,
AAL,2016-03-31,0,-0.3076847921459353,
AAL,2016-04-30,0,-0.1815552704760094,
AAL,2016-05-31,0,-0.11281719532865774,
AAL,2016-06-30,0,-0.09200928316084034,
AAL,2016-07-31,0,-0.09200928316084034,
AAL,2016-08-31,0,-0.11120621036944699,
AAL,2016-09-30,0,-0.11120621036944699,
AAL,2016-10-31,0,-0.11120621036944699,
AAL,2016-11-30,0,-0.11120621036944699,
AAL,2016-12-31,0,-0.11120621036944699,
AAL,2017-01-31,0,-0.11120621036944699,
AAL,2017-02-28,0,-0.11120621036944699,
AAL,2017-03-31,0,-0.11120621036944699,
AAL,2017-04-30,0,-0.20866352988344783,
AAL,2017-05-31,0,-0.20866352988344783,
AAL,2017-06-30,0,-0.29864020562673915,
AAL,2017-07-31,0,-0.29864020562673915,
AAL,2017-08-31,0,-0.29864020562673915,
AAL,2017-09-30,0,-0.29864020562673915,
AAL,2017-10-31,0,-0.3501604442726536,
AAL,2017-11-30,0,-0.3501604442726536,
AAL,2017-12-31,1,-0.4035363913705435,
AAL,2018-01-31,1,-0.4035363913705435,
AAL,2018-02-28,1,-0.4035363913705435,
AAL,2018-03-31,0,-0.38235754703938163,
AAL,2018-04-30,0,-0.26463428038670767,
AAL,2018-05-31,0,-0.36770165670490723,
AAL,2018-06-30,0,-0.33562509287421954,
AAL,2018-07-31,0,-0.33562509287421954,
AAL,2018-08-31,0,-0.35581383209845896,
AAL,2018-09-30,0,-0.35581383209845896,
AAL,2018-10-31,0,-0.33887122027524824,
AAL,2018-11-30,0,-0.33887122027524824,
AAL,2018-12-31,0,-0.2577318196699301,
AAL,2019-01-31,0,-0.2577318196699301,
AAL,2019-02-28,1,-0.4581699238614755,
AAL,2019-03-31,1,-0.6385771565638664,
AAL,2019-04-30,1,-0.6439139801631887,
AAL,2019-05-31,1,-0.6746349721729892,
AAL,2019-06-30,1,-0.6746349721729892,
AAL,2019-07-31,1,-0.6522401166345556,
AAL,2019-08-31,1,-0.6482713041238141,
AAL,2019-09-30,1,-0.6482713041238141,
AAL,2019-10-31,1,-0.6482713041238141,
AAL,2019-11-30,1,-0.6333053967218645,
AAL,2019-12-31,1,-0.6325382644147001,
AAL,2020-01-31,1,-0.6073471483291927,
AAL,2020-02-29,1,-0.44881887556336875,
AAL,2020-03-31,0,-0.14919662240216786,
AAL,2020-04-30,0,-0.14919662240216786,
AAL,2020-05-31,0,-0.14919662240216786,
AAL,2020-06-30,0,-0.14919662240216786,
AAL,2020-07-31,0,-0.15924095077553316,
AAL,2020-08-31,0,-0.17739270947452623,
AAL,2020-09-30,0,-0.17739270947452623,
AAL,2020-10-31,0,-0.20792075312574235,
AAL,2020-11-30,0,-0.27021449252919705,
AAL,2020-12-31,0,-0.27021449252919705,
AAL,2021-01-31,0,-0.3205445763667699,
AAL,2021-02-28,0,-0.3205445763667699,
AAL,2021-03-31,0,-0.3205445763667699,
AAL,2021-04-30,0,-0.3205445763667699,
AAL,2021-05-31,0,-0.3205445763667699,
AAL,2021-06-30,1,-0.40216874811378417,
AAL,2021-07-31,0,-0.3820662757159762,
AAL,2021-08-31,0,-0.3820662757159762,
AAL,2021-09-30,1,-0.41325537557199543,
AAL,2021-10-31,0,-0.37291669357153995,
AAL,2021-11-30,0,-0.35855089673836277,
AAL,2021-12-31,0,-0.35855089673836277,
AAL,2022-01-31,0,-0.35855089673836277,
AAL,2022-02-28,0,-0.35855089673836277,
AAL,2022-03-31,0,-0.35855089673836277,
AAL,2022-04-30,0,-0.35855089673836277,
AAL,2022-05-31,0,-0.32624513730187776,
AAL,2022-06-30,0,-0.1548946183931757,
AAL,2022-07-31,0,-0.1548946183931757,
AAL,2022-08-31,0,-0.17892981584517603,
AAL,2022-09-30,0,-0.28595317512404944,
AAL,2022-10-31,0,-0.37848387477119005,
AAL,2022-11-30,0,-0.37848387477119005,
AAL,2022-12-31,0,-0.37848387477119005,
AAL,2023-01-31,0,-0.37848387477119005,
AAL,2023-02-28,0,-0.37848387477119005,
AAL,2023-03-31,0,-0.37848387477119005,
AAL,2023-04-30,0,-0.37848387477119005,
AAL,2023-05-31,0,-0.37848387477119005,
AAL,2023-06-30,0,-0.37848387477119005,
AAL,2023-07-31,0,-0.36477609890610424,
AAL,2023-08-31,0,-0.32270410211321565,
AAL,2023-09-30,0,-0.32270410211321565,
AAL,2023-10-31,0,-0.32270410211321565,
AAL,2023-11-30,0,-0.32270410211321565,
AAL,2023-12-31,0,-0.32270410211321565,
AAL,2024-01-31,0,-0.32270410211321565,
AAL,2024-02-29,0,-0.32270410211321565,
AAL,2024-03-31,0,-0.39472174377403335,
AAL,2024-04-30,1,-0.4291451729745227,
AAL,2024-05-31,1,-0.4291451729745227,
AAL,2024-06-30,1,-0.4291451729745227,
AAL,2024-07-31,1,-0.4291451729745227,
AAL,2024-08-31,1,-0.4291451729745227,
AAL,2024-09-30,1,-0.4291451729745227,
AAL,2024-10-31,1,-0.4291451729745227,
AAL,2024-11-30,1,-0.4291451729745227,
AAL,2024-12-31,1,-0.4291451729745227,
BBBY,2009-06-30,0,-0.19688890245225693,
BBBY,2009-07-31,0,-0.19688890245225693,
BBBY,2009-08-31,0,-0.3773333231608073,
BBBY,2009-09-30,0,-0.3773333231608073,
BBBY,2009-10-31,1,-0.404000006781684,
BBBY,2009-11-30,1,-0.404000006781684,
BBBY,2009-12-31,1,-0.404000006781684,
BBBY,2010-01-31,1,-0.404000006781684,
BBBY,2010-02-28,1,-0.404000006781684,
BBBY,2010-03-31,1,-0.404000006781684,
BBBY,2010-04-30,1,-0.404000006781684,
BBBY,2010-05-31,1,-0.404000006781684,
BBBY,2010-06-30,0,-0.32169956818862855,
BBBY,2010-07-31,0,-0.3581183972406059,
BBBY,2010-08-31,0,-0.3646844321691022,
BBBY,2010-09-30,1,-0.43749995659855845,
BBBY,2010-10-31,1,-0.49635919773766224,
BBBY,2010-11-30,1,-0.49878637995635783,
BBBY,2010-12-31,1,-0.5242718221869558,
BBBY,2011-01-31,1,-0.5693384309206445,
BBBY,2011-02-28,1,-0.5954198457073888,
BBBY,2011-03-31,1,-0.6666666868887681,
BBBY,2011-04-30,1,-0.6557161840220456,
BBBY,2011-05-31,1,-0.6557161840220456,
BBBY,2011-06-30,1,-0.6557161840220456,
BBBY,2011-07-31,1,-0.5870764425226332,
BBBY,2011-08-31,1,-0.4995224797061845,
BBBY,2011-09-30,1,-0.43473575918438734,
BBBY,2011-10-31,0,-0.36867474087922564,
BBBY,2011-11-30,0,-0.3656174787022363,
BBBY,2011-12-31,0,-0.33163269526359607,
BBBY,2012-01-31,0,-0.22599707741785846,
BBBY,2012-02-29,0,-0.23401451370342594,
BBBY,2012-03-31,0,-0.23401451370342594,
BBBY,2012-04-30,0,-0.23401451370342594,
BBBY,2012-05-31,0,-0.23401451370342594,
BBBY,2012-06-30,0,-0.23401451370342594,
BBBY,2012-07-31,0,-0.23401451370342594,
BBBY,2012-08-31,0,-0.23401451370342594,
BBBY,2012-09-30,0,-0.23401451370342594,
BBBY,2012-10-31,0,-0.3110849320347883,
BBBY,2012-11-30,0,-0.3110849320347883,
BBBY,2012-12-31,0,-0.3110849320347883,
BBBY,2013-01-31,0,-0.3807703468009763,
BBBY,2013-02-28,1,-0.42164066312699533,
BBBY,2013-03-31,1,-0.42164066312699533,
BBBY,2013-04-30,1,-0.5289620332730003,
BBBY,2013-05-31,1,-0.5513084098207653,
BBBY,2013-06-30,1,-0.5513084098207653,
BBBY,2013-07-31,1,-0.5513084098207653,
BBBY,2013-08-31,1,-0.5043845477384755,
BBBY,2013-09-30,1,-0.5043845477384755,
BBBY,2013-10-31,1,-0.5043845477384755,
BBBY,2013-11-30,1,-0.5043845477384755,
BBBY,2013-12-31,1,-0.5043845477384755,
BBBY,2014-01-31,0,-0.27540357949391864,
BBBY,2014-02-28,0,-0.22538072904090187,
BBBY,2014-03-31,0,-0.22538072904090187,
BBBY,2014-04-30,0,-0.13636368518774267,
BBBY,2014-05-31,0,-0.13636368518774267,
BBBY,2014-06-30,0,-0.13636368518774267,
BBBY,2014-07-31,0,-0.1488334944528839,
BBBY,2014-08-31,0,-0.2095736469793918,
BBBY,2014-09-30,0,-0.30973453635931186,
BBBY,2014-10-31,0,-0.37007242707422233,
BBBY,2014-11-30,1,-0.47063557826573976,
BBBY,2014-12-31,1,-0.4940255664872486,
BBBY,2015-01-31,1,-0.5103220481869358,
BBBY,2015-02-28,1,-0.5103220481869358,
BBBY,2015-03-31,1,-0.5103220481869358,
BBBY,2015-04-30,1,-0.4738243489374867,
BBBY,2015-05-31,1,-0.4738243489374867,
BBBY,2015-06-30,1,-0.4738243489374867,
BBBY,2015-07-31,1,-0.439508518799553,
BBBY,2015-08-31,0,-0.3964376647878879,
BBBY,2015-09-30,0,-0.308857822719279,
BBBY,2015-10-31,0,-0.24265646409714567,
BBBY,2015-11-30,0,-0.14076244726824044,
BBBY,2015-12-31,0,-0.14076244726824044,
BBBY,2016-01-31,0,-0.14076244726824044,
BBBY,2016-02-29,0,-0.14076244726824044,
BBBY,2016-03-31,0,-0.14076244726824044,
BBBY,2016-04-30,0,-0.14076244726824044,
BBBY,2016-05-31,0,-0.23848240597598663,
BBBY,2016-06-30,0,-0.23848240597598663,
BBBY,2016-07-31,0,-0.23848240597598663,
BBBY,2016-08-31,0,-0.23848240597598663,
BBBY,2016-09-30,0,-0.23848240597598663,
BBBY,2016-10-31,0,-0.23848240597598663,
BBBY,2016-11-30,0,-0.23848240597598663,
BBBY,2016-12-31,0,-0.23848240597598663,
BBBY,2017-01-31,0,-0.23848240597598663,
BBBY,2017-02-28,0,-0.23848240597598663,
BBBY,2017-03-31,1,-0.47234349912256407,
BBBY,2017-04-30,1,-0.47234349912256407,
BBBY,2017-05-31,1,-0.5135371229474207,
BBBY,2017-06-30,1,-0.5135371229474207,
BBBY,2017-07-31,1,-0.5135371229474207,
BBBY,2017-08-31,1,-0.5749635799119699,
BBBY,2017-09-30,1,-0.5967976420172431,
BBBY,2017-10-31,1,-0.7071324347453526,
BBBY,2017-11-30,1,-0.7152838379210021,
BBBY,2017-12-31,1,-0.8023289588507977,
BBBY,2018-01-31,1,-0.8023289588507977,
BBBY,2018-02-28,1,-0.7751655698570209,
BBBY,2018-03-31,1,-0.6435695415334443,
BBBY,2018-04-30,1,-0.6540682196056223,
BBBY,2018-05-31,1,-0.7321178181773046,
BBBY,2018-06-30,1,-0.7321178181773046,
BBBY,2018-07-31,1,-0.7321178181773046,
BBBY,2018-08-31,1,-0.6729452074927446,
BBBY,2018-09-30,1,-0.6552346596498273,
BBBY,2018-10-31,1,-0.5324156519126082,
BBBY,2018-11-30,1,-0.6629662522954669,
BBBY,2018-12-31,1,-0.6869449357269259,
BBBY,2019-01-31,1,-0.6869449357269259,
BBBY,2019-02-28,1,-0.7131438762506812,
BBBY,2019-03-31,1,-0.7784191976160514,
BBBY,2019-04-30,1,-0.7784191976160514,
BBBY,2019-05-31,1,-0.7784191976160514,
BBBY,2019-06-30,1,-0.7784191976160514,
BBBY,2019-07-31,1,-0.7784191976160514,
BBBY,2019-08-31,1,-0.6827717789997636,
BBBY,2019-09-30,1,-0.5288007838320237,
BBBY,2019-10-31,1,-0.5261158691681976,
BBBY,2019-11-30,0,-0.38546799982194946,
BBBY,2019-12-31,1,-0.4517714146205357,
BBBY,2020-01-31,1,-0.4517714146205357,
BBBY,2020-02-29,1,-0.4517714146205357,
BBBY,2020-03-31,1,-0.4517714146205357,
BBBY,2020-04-30,1,-0.4517714146205357,
BBBY,2020-05-31,1,-0.4517714146205357,
BBBY,2020-06-30,1,-0.4517714146205357,
BBBY,2020-07-31,1,-0.4517714146205357,
BBBY,2020-08-31,1,-0.4517714146205357,
BBBY,2020-09-30,0,-0.3397109399424367,
BBBY,2020-10-31,0,-0.2892279931978672,
BBBY,2020-11-30,0,-0.2892279931978672,
BBBY,2020-12-31,0,-0.3803423685667995,
BBBY,2021-01-31,1,-0.4965872420793261,
BBBY,2021-02-28,1,-0.4965872420793261,
BBBY,2021-03-31,1,-0.5378557516523611,
BBBY,2021-04-30,1,-0.6475900431557892,
BBBY,2021-05-31,1,-0.6745773529486931,
BBBY,2021-06-30,1,-0.7373726835318768,
BBBY,2021-07-31,1,-0.7373726835318768,
BBBY,2021-08-31,1,-0.7373726835318768,
BBBY,2021-09-30,1,-0.7443032707853325,
BBBY,2021-10-31,1,-0.7558542562173794,
BBBY,2021-11-30,1,-0.7395249894290237,
BBBY,2021-12-31,1,-0.6719199938820037,
BBBY,2022-01-31,1,-0.6597539527033867,
BBBY,2022-02-28,1,-0.6597539527033867,
BBBY,2022-03-31,1,-0.5600999466323746,
BBBY,2022-04-30,1,-0.4231227706158748,
BBBY,2022-05-31,0,-0.3956114978841601,
BBBY,2022-06-30,0,-0.35413794681943694,
BBBY,2022-07-31,0,-0.35413794681943694,
BBBY,2022-08-31,0,-0.29639372833409294,
BBBY,2022-09-30,1,-0.566218832867941,
BBBY,2022-10-31,1,-0.5722511691989198,
BBBY,2022-11-30,1,-0.5722511691989198,
BBBY,2022-12-31,1,-0.5722511691989198,
BBBY,2023-01-31,1,-0.5722511691989198,
BBBY,2023-02-28,1,-0.5722511691989198,
BBBY,2023-03-31,1,-0.5722511691989198,
BBBY,2023-04-30,1,-0.5722511691989198,
BBBY,2023-05-31,1,-0.5851384807233846,
BBBY,2023-06-30,1,-0.6413490681135251,
BBBY,2023-07-31,1,-0.6901562979844341,
BBBY,2023-08-31,1,-0.7262600956425661,
BBBY,2023-09-30,1,-0.7262600956425661,
BBBY,2023-10-31,1,-0.8214981934099325,
BBBY,2023-11-30,1,-0.8248398777894642,
BBBY,2023-12-31,1,-0.86271234059351,
BBBY,2024-01-31,1,-0.86271234059351,
BBBY,2024-02-29,1,-0.86271234059351,
BBBY,2024-03-31,1,-0.86271234059351,
BBBY,2024-04-30,1,-0.79781419069337,
BBBY,2024-05-31,1,-0.7309980078733284,
BBBY,2024-06-30,1,-0.68883790555037,
BBBY,2024-07-31,1,-0.6398229997377818,
BBBY,2024-08-31,1,-0.5962301386441893,
BBBY,2024-09-30,1,-0.5962301386441893,
BBBY,2024-10-31,1,-0.509047021665893,
BBBY,2024-11-30,1,-0.509047021665893,
BBBY,2024-12-31,1,-0.509047021665893,
F,2009-06-30,0,-0.22580666754141707,
F,2009-07-31,0,-0.22580666754141707,
F,2009-08-31,0,-0.22580666754141707,
F,2009-09-30,0,-0.22580666754141707,
F,2009-10-31,0,-0.22580666754141707,
F,2009-11-30,0,-0.22580666754141707,
F,2009-12-31,0,-0.22580666754141707,
F,2010-01-31,0,-0.22580666754141707,
F,2010-02-28,0,-0.22580666754141707,
F,2010-03-31,0,-0.22580666754141707,
F,2010-04-30,0,-0.22580666754141707,
F,2010-05-31,0,-0.14066497083152912,
F,2010-06-30,0,-0.17867785536898415,
F,2010-07-31,0,-0.2727813826054176,
F,2010-08-31,0,-0.3377010992048294,
F,2010-09-30,1,-0.42406189053764465,
F,2010-10-31,1,-0.42406189053764465,
F,2010-11-30,1,-0.42406189053764465,
F,2010-12-31,1,-0.42406189053764465,
F,2011-01-31,0,-0.393730419421701,
F,2011-02-28,0,-0.3749188794683836,
F,2011-03-31,0,-0.3749188794683836,
F,2011-04-30,0,-0.3749188794683836,
F,2011-05-31,0,-0.35187663401032804,
F,2011-06-30,0,-0.2988168445005046,
F,2011-07-31,0,-0.25641012215921904,
F,2011-08-31,0,-0.25641012215921904,
F,2011-09-30,0,-0.25641012215921904,
F,2011-10-31,0,-0.25641012215921904,
F,2011-11-30,0,-0.25641012215921904,
F,2011-12-31,0,-0.25641012215921904,
F,2012-01-31,0,-0.25641012215921904,
F,2012-02-29,0,-0.25641012215921904,
F,2012-03-31,0,-0.25641012215921904,
F,2012-04-30,0,-0.18085132329392486,
F,2012-05-31,0,-0.1250001870327427,
F,2012-06-30,0,-0.036496382199317716,
F,2012-07-31,0,-0.026254613825104217,
F,2012-08-31,0,-0.040876557166964436,
F,2012-09-30,0,-0.040876557166964436,
F,2012-10-31,0,-0.040876557166964436,
F,2012-11-30,0,-0.040876557166964436,
F,2012-12-31,0,-0.09818829823807568,
F,2013-01-31,0,-0.11864931774953193,
F,2013-02-28,0,-0.11864931774953193,
F,2013-03-31,0,-0.11864931774953193,
F,2013-04-30,0,-0.11864931774953193,
F,2013-05-31,0,-0.11864931774953193,
F,2013-06-30,0,-0.11864931774953193,
F,2013-07-31,0,-0.11864931774953193,
F,2013-08-31,0,-0.11864931774953193,
F,2013-09-30,0,-0.15048822966564962,
F,2013-10-31,0,-0.18348697098391498,
F,2013-11-30,0,-0.18348697098391498,
F,2013-12-31,0,-0.18348697098391498,
F,2014-01-31,0,-0.18348697098391498,
F,2014-02-28,0,-0.18348697098391498,
F,2014-03-31,0,-0.18348697098391498,
F,2014-04-30,0,-0.18348697098391498,
F,2014-05-31,0,-0.18348697098391498,
F,2014-06-30,0,-0.18348697098391498,
F,2014-07-31,0,-0.18348697098391498,
F,2014-08-31,0,-0.18348697098391498,
F,2014-09-30,0,-0.1531272042397979,
F,2014-10-31,0,-0.1531272042397979,
F,2014-11-30,0,-0.1531272042397979,
F,2014-12-31,0,-0.1531272042397979,
F,2015-01-31,0,-0.22188128928188053,
F,2015-02-28,0,-0.22188128928188053,
F,2015-03-31,0,-0.2122391537830648,
F,2015-04-30,0,-0.2028032299236486,
F,2015-05-31,0,-0.16969630103602687,
F,2015-06-30,0,-0.16659670724313233,
F,2015-07-31,0,-0.16659670724313233,
F,2015-08-31,0,-0.16659670724313233,
F,2015-09-30,0,-0.16659670724313233,
F,2015-10-31,0,-0.16659670724313233,
F,2015-11-30,0,-0.13868074502862887,
F,2015-12-31,0,-0.12400971363992463,
F,2016-01-31,0,-0.11382047443509316,
F,2016-02-29,0,-0.11382047443509316,
F,2016-03-31,0,-0.11382047443509316,
F,2016-04-30,0,-0.11382047443509316,
F,2016-05-31,0,-0.13111305581639457,
F,2016-06-30,0,-0.1005695712070583,
F,2016-07-31,0,-0.1005695712070583,
F,2016-08-31,0,-0.1005695712070583,
F,2016-09-30,0,-0.1005695712070583,
F,2016-10-31,0,-0.1005695712070583,
F,2016-11-30,0,-0.1005695712070583,
F,2016-12-31,0,-0.1005695712070583,
F,2017-01-31,0,-0.1022242732910843,
F,2017-02-28,0,-0.131686347844213,
F,2017-03-31,0,-0.131686347844213,
F,2017-04-30,0,-0.131686347844213,
F,2017-05-31,0,-0.131686347844213,
F,2017-06-30,0,-0.131686347844213,
F,2017-07-31,0,-0.15560452010592105,
F,2017-08-31,0,-0.20270244444861266,
F,2017-09-30,0,-0.22204611578244404,
F,2017-10-31,0,-0.22204611578244404,
F,2017-11-30,0,-0.22204611578244404,
F,2017-12-31,0,-0.3434801395223051,
F,2018-01-31,0,-0.3162855620377352,
F,2018-02-28,0,-0.3162855620377352,
F,2018-03-31,0,-0.3162855620377352,
F,2018-04-30,0,-0.3162855620377352,
F,2018-05-31,0,-0.3162855620377352,
F,2018-06-30,0,-0.2866393905237193,
F,2018-07-31,0,-0.2243602120192684,
F,2018-08-31,0,-0.19895286409525004,
F,2018-09-30,0,-0.19895286409525004,
F,2018-10-31,0,-0.19895286409525004,
F,2018-11-30,0,-0.187035350653348,
F,2018-12-31,0,-0.15202993919557545,
F,2019-01-31,0,-0.15202993919557545,
F,2019-02-28,0,-0.30125237726549736,
F,2019-03-31,1,-0.5150931326842596,
F,2019-04-30,1,-0.5150931326842596,
F,2019-05-31,1,-0.5046649193116519,
F,2019-06-30,1,-0.5046649193116519,
F,2019-07-31,1,-0.47610082121418645,
F,2019-08-31,1,-0.4718124759030077,
F,2019-09-30,1,-0.4718124759030077,
F,2019-10-31,1,-0.4718124759030077,
F,2019-11-30,1,-0.4718124759030077,
F,2019-12-31,1,-0.4718124759030077,
F,2020-01-31,1,-0.45238088893079115,
F,2020-02-29,0,-0.30603432263842356,
F,2020-03-31,0,-0.03193827436714701,
F,2020-04-30,0,-0.05795921499971979,
F,2020-05-31,0,-0.05795921499971979,
F,2020-06-30,0,-0.05795921499971979,
F,2020-07-31,0,-0.061238181819891956,
F,2020-08-31,0,-0.12314941028477175,
F,2020-09-30,0,-0.12314941028477175,
F,2020-10-31,0,-0.12314941028477175,
F,2020-11-30,0,-0.12314941028477175,
F,2020-12-31,0,-0.12314941028477175,
F,2021-01-31,0,-0.12314941028477175,
F,2021-02-28,0,-0.15020299387975156,
F,2021-03-31,0,-0.18165925463899932,
F,2021-04-30,0,-0.31018307184907257,
F,2021-05-31,0,-0.3335667470802892,
F,2021-06-30,1,-0.45779234295789206,
F,2021-07-31,1,-0.45779234295789206,
F,2021-08-31,1,-0.45779234295789206,
F,2021-09-30,1,-0.45779234295789206,
F,2021-10-31,1,-0.45779234295789206,
F,2021-11-30,1,-0.45779234295789206,
F,2021-12-31,1,-0.45779234295789206,
F,2022-01-31,1,-0.4480764020615804,
F,2022-02-28,0,-0.36195626351102467,
F,2022-03-31,0,-0.3374304528819228,
F,2022-04-30,0,-0.2650919578958237,
F,2022-05-31,0,-0.2650919578958237,
F,2022-06-30,0,-0.2650919578958237,
F,2022-07-31,0,-0.2650919578958237,
F,2022-08-31,0,-0.2650919578958237,
F,2022-09-30,0,-0.1895545856728396,
F,2022-10-31,0,-0.33841288857454904,
F,2022-11-30,0,-0.33841288857454904,
F,2022-12-31,0,-0.33841288857454904,
F,2023-01-31,0,-0.33841288857454904,
F,2023-02-28,0,-0.33841288857454904,
F,2023-03-31,0,-0.33841288857454904,
F,2023-04-30,0,-0.33841288857454904,
F,2023-05-31,0,-0.33841288857454904,
F,2023-06-30,0,-0.33841288857454904,
F,2023-07-31,0,-0.2504144253231207,
F,2023-08-31,0,-0.20273543534057006,
F,2023-09-30,0,-0.20273543534057006,
F,2023-10-31,0,-0.20352356602896698,
F,2023-11-30,0,-0.20352356602896698,
F,2023-12-31,0,-0.22329914901094047,
F,2024-01-31,0,-0.22329914901094047,
F,2024-02-29,0,-0.22627322811343487,
F,2024-03-31,0,-0.22627322811343487,
F,2024-04-30,0,-0.1904474213623614,
F,2024-05-31,0,-0.1904474213623614,
F,2024-06-30,0,-0.1904474213623614,
F,2024-07-31,0,-0.11391817320098513,
F,2024-08-31,0,-0.11391817320098513,
F,2024-09-30,0,-0.11391817320098513,
F,2024-10-31,0,-0.11391817320098513,
F,2024-11-30,0,-0.11391817320098513,
F,2024-12-31,0,-0.02161786534224272,
GE,2009-06-30,0,-0.23056478517117932,
GE,2009-07-31,0,-0.23056478517117932,
GE,2009-08-31,0,-0.23056478517117932,
GE,2009-09-30,0,-0.23056478517117932,
GE,2009-10-31,0,-0.23056478517117932,
GE,2009-11-30,0,-0.23056478517117932,
GE,2009-12-31,0,-0.23056478517117932,
GE,2010-01-31,0,-0.23056478517117932,
GE,2010-02-28,0,-0.23056478517117932,
GE,2010-03-31,0,-0.23056478517117932,
GE,2010-04-30,0,-0.23056478517117932,
GE,2010-05-31,0,-0.11244315146822843,
GE,2010-06-30,0,-0.10173706694156134,
GE,2010-07-31,0,-0.13684113981899987,
GE,2010-08-31,0,-0.21395176143279748,
GE,2010-09-30,0,-0.25944908267044275,
GE,2010-10-31,0,-0.25944908267044275,
GE,2010-11-30,0,-0.25944908267044275,
GE,2010-12-31,0,-0.25944908267044275,
GE,2011-01-31,0,-0.25944908267044275,
GE,2011-02-28,0,-0.25944908267044275,
GE,2011-03-31,0,-0.24242939766585664,
GE,2011-04-30,0,-0.24242939766585664,
GE,2011-05-31,0,-0.211184757629341,
GE,2011-06-30,0,-0.18526191238759884,
GE,2011-07-31,0,-0.14204562857146896,
GE,2011-08-31,0,-0.057881080327305504,
GE,2011-09-30,0,-0.0488291148621505,
GE,2011-10-31,0,-0.07265519489643184,
GE,2011-11-30,0,-0.07265519489643184,
GE,2011-12-31,0,-0.07265519489643184,
GE,2012-01-31,0,-0.07265519489643184,
GE,2012-02-29,0,-0.07265519489643184,
GE,2012-03-31,0,-0.07265519489643184,
GE,2012-04-30,0,-0.07265519489643184,
GE,2012-05-31,0,-0.07265519489643184,
GE,2012-06-30,0,-0.07265519489643184,
GE,2012-07-31,0,-0.07265519489643184,
GE,2012-08-31,0,-0.07265519489643184,
GE,2012-09-30,0,-0.07265519489643184,
GE,2012-10-31,0,-0.05047222532129795,
GE,2012-11-30,0,-0.05047222532129795,
GE,2012-12-31,0,-0.05047222532129795,
GE,2013-01-31,0,-0.10346056422768903,
GE,2013-02-28,0,-0.10346056422768903,
GE,2013-03-31,0,-0.10346056422768903,
GE,2013-04-30,0,-0.10346056422768903,
GE,2013-05-31,0,-0.10346056422768903,
GE,2013-06-30,0,-0.10346056422768903,
GE,2013-07-31,0,-0.10346056422768903,
GE,2013-08-31,0,-0.10346056422768903,
GE,2013-09-30,0,-0.10346056422768903,
GE,2013-10-31,0,-0.10346056422768903,
GE,2013-11-30,0,-0.10346056422768903,
GE,2013-12-31,0,-0.10346056422768903,
GE,2014-01-31,0,-0.08965964550635949,
GE,2014-02-28,0,-0.08965964550635949,
GE,2014-03-31,0,-0.08965964550635949,
GE,2014-04-30,0,-0.08965964550635949,
GE,2014-05-31,0,-0.08965964550635949,
GE,2014-06-30,0,-0.08965964550635949,
GE,2014-07-31,0,-0.08965964550635949,
GE,2014-08-31,0,-0.08965964550635949,
GE,2014-09-30,0,-0.08965964550635949,
GE,2014-10-31,0,-0.08965964550635949,
GE,2014-11-30,0,-0.08965964550635949,
GE,2014-12-31,0,-0.08210056347280854,
GE,2015-01-31,0,-0.08210056347280854,
GE,2015-02-28,0,-0.08210056347280854,
GE,2015-03-31,0,-0.08210056347280854,
GE,2015-04-30,0,-0.08210056347280854,
GE,2015-05-31,0,-0.08210056347280854,
GE,2015-06-30,0,-0.06586352771752219,
GE,2015-07-31,0,-0.06581049693414763,
GE,2015-08-31,0,-0.06581049693414763,
GE,2015-09-30,0,-0.06581049693414763,
GE,2015-10-31,0,-0.07048452767537554,
GE,2015-11-30,0,-0.07048452767537554,
GE,2015-12-31,0,-0.07048452767537554,
GE,2016-01-31,0,-0.07048452767537554,
GE,2016-02-29,0,-0.07048452767537554,
GE,2016-03-31,0,-0.07048452767537554,
GE,2016-04-30,0,-0.07527800156877613,
GE,2016-05-31,0,-0.1266331637147661,
GE,2016-06-30,0,-0.13116747814586782,
GE,2016-07-31,0,-0.17620163955264645,
GE,2016-08-31,0,-0.2102988801985639,
GE,2016-09-30,0,-0.21442909747538655,
GE,2016-10-31,0,-0.34503253372403614,
GE,2016-11-30,1,-0.40578629034936936,
GE,2016-12-31,1,-0.42916202906266293,
GE,2017-01-31,1,-0.44370848164281196,
GE,2017-02-28,1,-0.5105609041483802,
GE,2017-03-31,1,-0.532257023658855,
GE,2017-04-30,1,-0.5191878836936127,
GE,2017-05-31,1,-0.4909154749315667,
GE,2017-06-30,1,-0.4882586345732635,
GE,2017-07-31,1,-0.46028353246619186,
GE,2017-08-31,1,-0.4547370657826116,
GE,2017-09-30,1,-0.5172049630127916,
GE,2017-10-31,1,-0.48196877993890636,
GE,2017-11-30,1,-0.5759932611433658,
GE,2017-12-31,1,-0.5586302417844514,
GE,2018-01-31,1,-0.5236919768271013,
GE,2018-02-28,1,-0.4586331258324926,
GE,2018-03-31,1,-0.4574797049101022,
GE,2018-04-30,1,-0.4574797049101022,
GE,2018-05-31,1,-0.4574797049101022,
GE,2018-06-30,1,-0.4444986617679433,
GE,2018-07-31,1,-0.4444986617679433,
GE,2018-08-31,1,-0.41487763757837,
GE,2018-09-30,0,-0.3356954290564779,
GE,2018-10-31,0,-0.2574259566370914,
GE,2018-11-30,0,-0.2142856498251281,
GE,2018-12-31,0,-0.2142856498251281,
GE,2019-01-31,0,-0.2142856498251281,
GE,2019-02-28,0,-0.2142856498251281,
GE,2019-03-31,0,-0.36161562325333785,
GE,2019-04-30,1,-0.453272789766293,
GE,2019-05-31,1,-0.4717651106248325,
GE,2019-06-30,1,-0.4717651106248325,
GE,2019-07-31,1,-0.511233834177639,
GE,2019-08-31,1,-0.511233834177639,
GE,2019-09-30,1,-0.511233834177639,
GE,2019-10-31,1,-0.511233834177639,
GE,2019-11-30,1,-0.511233834177639,
GE,2019-12-31,1,-0.511233834177639,
GE,2020-01-31,1,-0.511233834177639,
GE,2020-02-29,1,-0.44070425204023006,
GE,2020-03-31,0,-0.23437010110865536,
GE,2020-04-30,0,-0.11127353898075125,
GE,2020-05-31,0,-0.11127353898075125,
GE,2020-06-30,0,-0.11127353898075125,
GE,2020-07-31,0,-0.0782466427702967,
GE,2020-08-31,0,-0.0782466427702967,
GE,2020-09-30,0,-0.08260514270894156,
GE,2020-10-31,0,-0.08260514270894156,
GE,2020-11-30,0,-0.15419461316334734,
GE,2020-12-31,0,-0.15808812916745474,
GE,2021-01-31,0,-0.15808812916745474,
GE,2021-02-28,0,-0.15808812916745474,
GE,2021-03-31,0,-0.18382413175228393,
GE,2021-04-30,0,-0.3350173583228391,
GE,2021-05-31,0,-0.3350173583228391,
GE,2021-06-30,1,-0.4064932999643206,
GE,2021-07-31,0,-0.39371238022576915,
GE,2021-08-31,0,-0.39371238022576915,
GE,2021-09-30,1,-0.40716145133972853,
GE,2021-10-31,1,-0.40716145133972853,
GE,2021-11-30,0,-0.34963269061693064,
GE,2021-12-31,0,-0.34963269061693064,
GE,2022-01-31,0,-0.34963269061693064,
GE,2022-02-28,0,-0.34963269061693064,
GE,2022-03-31,0,-0.32173947954245097,
GE,2022-04-30,0,-0.20729543415331078,
GE,2022-05-31,0,-0.20729543415331078,
GE,2022-06-30,0,-0.16132023684713087,
GE,2022-07-31,0,-0.16132023684713087,
GE,2022-08-31,0,-0.15595271384083922,
GE,2022-09-30,0,-0.033465369066128826,
GE,2022-10-31,0,-0.05025180846108309,
GE,2022-11-30,0,-0.05025180846108309,
GE,2022-12-31,0,-0.05025180846108309,
GE,2023-01-31,0,-0.05025180846108309,
GE,2023-02-28,0,-0.05025180846108309,
GE,2023-03-31,0,-0.05025180846108309,
GE,2023-04-30,0,-0.05025180846108309,
GE,2023-05-31,0,-0.05025180846108309,
GE,2023-06-30,0,-0.05025180846108309,
GE,2023-07-31,0,-0.05025180846108309,
GE,2023-08-31,0,-0.05025180846108309,
GE,2023-09-30,0,-0.03736232950328,
GE,2023-10-31,0,-0.08908694931376168,
GE,2023-11-30,0,-0.08908694931376168,
GE,2023-12-31,0,-0.11410694985412931,
GE,2024-01-31,0,-0.11410694985412931,
GE,2024-02-29,0,-0.11410694985412931,
GE,2024-03-31,0,-0.11410694985412931,
GE,2024-04-30,0,-0.11410694985412931,
GE,2024-05-31,0,-0.11410694985412931,
GE,2024-06-30,0,-0.11410694985412931,
GE,2024-07-31,0,-0.11410694985412931,
GE,2024-08-31,0,-0.11410694985412931,
GE,2024-09-30,0,-0.11410694985412931,
GE,2024-10-31,0,-0.08288469795414831,
GE,2024-11-30,0,-0.08288469795414831,
GE,2024-12-31,0,-0.03398597658803256,
INTC,2009-06-30,0,-0.14241750072532644,
INTC,2009-07-31,0,-0.14241750072532644,
INTC,2009-08-31,0,-0.21495723693364976,
INTC,2009-09-30,0,-0.21495723693364976,
INTC,2009-10-31,0,-0.21495723693364976,
INTC,2009-11-30,0,-0.21495723693364976,
INTC,2009-12-31,0,-0.21495723693364976,
INTC,2010-01-31,0,-0.21495723693364976,
INTC,2010-02-28,0,-0.21495723693364976,
INTC,2010-03-31,0,-0.21495723693364976,
INTC,2010-04-30,0,-0.21495723693364976,
INTC,2010-05-31,0,-0.1687769589531954,
INTC,2010-06-30,0,-0.13568982341644129,
INTC,2010-07-31,0,-0.13568982341644129,
INTC,2010-08-31,0,-0.11506966201061868,
INTC,2010-09-30,0,-0.11506966201061868,
INTC,2010-10-31,0,-0.11506966201061868,
INTC,2010-11-30,0,-0.11506966201061868,
INTC,2010-12-31,0,-0.11506966201061868,
INTC,2011-01-31,0,-0.11506966201061868,
INTC,2011-02-28,0,-0.11506966201061868,
INTC,2011-03-31,0,-0.11506966201061868,
INTC,2011-04-30,0,-0.11506966201061868,
INTC,2011-05-31,0,-0.09700099090784133,
INTC,2011-06-30,0,-0.08972176155420544,
INTC,2011-07-31,0,-0.08972176155420544,
INTC,2011-08-31,0,-0.1116523082793526,
INTC,2011-09-30,0,-0.18928863438707227,
INTC,2011-10-31,0,-0.22613937011282423,
INTC,2011-11-30,0,-0.29262568806932593,
INTC,2011-12-31,0,-0.29262568806932593,
INTC,2012-01-31,0,-0.29262568806932593,
INTC,2012-02-29,0,-0.29262568806932593,
INTC,2012-03-31,0,-0.29262568806932593,
INTC,2012-04-30,0,-0.29262568806932593,
INTC,2012-05-31,0,-0.25160017613080776,
INTC,2012-06-30,0,-0.25160017613080776,
INTC,2012-07-31,0,-0.2239355644053448,
INTC,2012-08-31,0,-0.2037190859802254,
INTC,2012-09-30,0,-0.12746466629850076,
INTC,2012-10-31,0,-0.08591510588436967,
INTC,2012-11-30,0,-0.08587055822123742,
INTC,2012-12-31,0,-0.08587055822123742,
INTC,2013-01-31,0,-0.08587055822123742,
INTC,2013-02-28,0,-0.08587055822123742,
INTC,2013-03-31,0,-0.08587055822123742,
INTC,2013-04-30,0,-0.08587055822123742,
INTC,2013-05-31,0,-0.08587055822123742,
INTC,2013-06-30,0,-0.08398444179921609,
INTC,2013-07-31,0,-0.054699253301712165,
INTC,2013-08-31,0,-0.054699253301712165,
INTC,2013-09-30,0,-0.054699253301712165,
INTC,2013-10-31,0,-0.054699253301712165,
INTC,2013-11-30,0,-0.054699253301712165,
INTC,2013-12-31,0,-0.054699253301712165,
INTC,2014-01-31,0,-0.11302019743746952,
INTC,2014-02-28,0,-0.11302019743746952,
INTC,2014-03-31,0,-0.15451559559529096,
INTC,2014-04-30,0,-0.15451559559529096,
INTC,2014-05-31,0,-0.15451559559529096,
INTC,2014-06-30,0,-0.17155074733468492,
INTC,2014-07-31,0,-0.21158409806015596,
INTC,2014-08-31,0,-0.2162929225745544,
INTC,2014-09-30,0,-0.2162929225745544,
INTC,2014-10-31,0,-0.2162929225745544,
INTC,2014-11-30,0,-0.2162929225745544,
INTC,2014-12-31,0,-0.19556103041988632,
INTC,2015-01-31,0,-0.16491303725731216,
INTC,2015-02-28,0,-0.16491303725731216,
INTC,2015-03-31,0,-0.16491303725731216,
INTC,2015-04-30,0,-0.16491303725731216,
INTC,2015-05-31,0,-0.16491303725731216,
INTC,2015-06-30,0,-0.14148882295812198,
INTC,2015-07-31,0,-0.14148882295812198,
INTC,2015-08-31,0,-0.14148882295812198,
INTC,2015-09-30,0,-0.14148882295812198,
INTC,2015-10-31,0,-0.14148882295812198,
INTC,2015-11-30,0,-0.14148882295812198,
INTC,2015-12-31,0,-0.13351394528147303,
INTC,2016-01-31,0,-0.07629113521722523,
INTC,2016-02-29,0,-0.07629113521722523,
INTC,2016-03-31,0,-0.07629113521722523,
INTC,2016-04-30,0,-0.07629113521722523,
INTC,2016-05-31,0,-0.07629113521722523,
INTC,2016-06-30,0,-0.08628171228587232,
INTC,2016-07-31,0,-0.08628171228587232,
INTC,2016-08-31,0,-0.08628171228587232,
INTC,2016-09-30,0,-0.08628171228587232,
INTC,2016-10-31,0,-0.07024276747150898,
INTC,2016-11-30,0,-0.07024276747150898,
INTC,2016-12-31,0,-0.07024276747150898,
INTC,2017-01-31,0,-0.07024276747150898,
INTC,2017-02-28,0,-0.06563282006389855,
INTC,2017-03-31,0,-0.06563282006389855,
INTC,2017-04-30,0,-0.06563282006389855,
INTC,2017-05-31,0,-0.06563282006389855,
INTC,2017-06-30,0,-0.09945662879297515,
INTC,2017-07-31,0,-0.12862318943671872,
INTC,2017-08-31,0,-0.12862318943671872,
INTC,2017-09-30,0,-0.138087046215453,
INTC,2017-10-31,0,-0.14555981282191507,
INTC,2017-11-30,0,-0.14555981282191507,
INTC,2017-12-31,0,-0.14555981282191507,
INTC,2018-01-31,0,-0.14555981282191507,
INTC,2018-02-28,0,-0.14555981282191507,
INTC,2018-03-31,0,-0.14555981282191507,
INTC,2018-04-30,0,-0.14555981282191507,
INTC,2018-05-31,0,-0.18217247513759066,
INTC,2018-06-30,0,-0.17486561332546907,
INTC,2018-07-31,0,-0.17486561332546907,
INTC,2018-08-31,0,-0.17486561332546907,
INTC,2018-09-30,0,-0.17486561332546907,
INTC,2018-10-31,0,-0.17486561332546907,
INTC,2018-11-30,0,-0.17486561332546907,
INTC,2018-12-31,0,-0.17486561332546907,
INTC,2019-01-31,0,-0.17486561332546907,
INTC,2019-02-28,0,-0.17486561332546907,
INTC,2019-03-31,0,-0.17486561332546907,
INTC,2019-04-30,0,-0.14928024752990965,
INTC,2019-05-31,0,-0.14928024752990965,
INTC,2019-06-30,0,-0.14928024752990965,
INTC,2019-07-31,0,-0.24548740906698704,
INTC,2019-08-31,0,-0.24548740906698704,
INTC,2019-09-30,0,-0.24548740906698704,
INTC,2019-10-31,0,-0.2952708745127802,
INTC,2019-11-30,0,-0.2952708745127802,
INTC,2019-12-31,0,-0.2952708745127802,
INTC,2020-01-31,0,-0.2952708745127802,
INTC,2020-02-29,0,-0.29158230420479836,
INTC,2020-03-31,0,-0.29158230420479836,
INTC,2020-04-30,0,-0.29158230420479836,
INTC,2020-05-31,0,-0.29158230420479836,
INTC,2020-06-30,0,-0.2548767256869649,
INTC,2020-07-31,0,-0.1554552073550913,
INTC,2020-08-31,0,-0.1554552073550913,
INTC,2020-09-30,0,-0.15692934506579356,
INTC,2020-10-31,0,-0.22465350161772413,
INTC,2020-11-30,0,-0.22465350161772413,
INTC,2020-12-31,0,-0.22465350161772413,
INTC,2021-01-31,0,-0.22465350161772413,
INTC,2021-02-28,0,-0.23418539375545985,
INTC,2021-03-31,0,-0.23418539375545985,
INTC,2021-04-30,0,-0.22146582533389916,
INTC,2021-05-31,0,-0.220677610658051,
INTC,2021-06-30,0,-0.31411165958283493,
INTC,2021-07-31,0,-0.3131291215701002,
INTC,2021-08-31,0,-0.3900781463136365,
INTC,2021-09-30,1,-0.5003826035557878,
INTC,2021-10-31,1,-0.48668404681218647,
INTC,2021-11-30,1,-0.48668404681218647,
INTC,2021-12-31,1,-0.48668404681218647,
INTC,2022-01-31,1,-0.47062312108258586,
INTC,2022-02-28,1,-0.4746375594046766,
INTC,2022-03-31,1,-0.4746375594046766,
INTC,2022-04-30,1,-0.4184429371253685,
INTC,2022-05-31,1,-0.4184429371253685,
INTC,2022-06-30,0,-0.3094691831966273,
INTC,2022-07-31,0,-0.2885495500358927,
INTC,2022-08-31,0,-0.198791463902059,
INTC,2022-09-30,0,-0.16083245494984663,
INTC,2022-10-31,0,-0.16083245494984663,
INTC,2022-11-30,0,-0.16083245494984663,
INTC,2022-12-31,0,-0.10708530524553446,
INTC,2023-01-31,0,-0.14268646575293567,
INTC,2023-02-28,0,-0.14268646575293567,
INTC,2023-03-31,0,-0.14268646575293567,
INTC,2023-04-30,0,-0.39185447531577705,
INTC,2023-05-31,0,-0.39185447531577705,
INTC,2023-06-30,0,-0.39185447531577705,
INTC,2023-07-31,0,-0.39185447531577705,
INTC,2023-08-31,1,-0.5555188166891524,
INTC,2023-09-30,1,-0.5555188166891524,
INTC,2023-10-31,1,-0.566005677360113,
INTC,2023-11-30,1,-0.566005677360113,
INTC,2023-12-31,1,-0.5956512243158846,
INTC,2024-01-31,1,-0.5555200872369379,
INTC,2024-02-29,1,-0.5555200872369379,
INTC,2024-03-31,1,-0.5555200872369379,
INTC,2024-04-30,0,-0.36863878341324113,
INTC,2024-05-31,0,-0.36863878341324113,
INTC,2024-06-30,0,-0.36863878341324113,
INTC,2024-07-31,0,-0.36391487491117713,
INTC,2024-08-31,0,-0.19209975378150715,
INTC,2024-09-30,0,-0.19209975378150715,
INTC,2024-10-31,0,-0.19209975378150715,
INTC,2024-11-30,0,-0.19209975378150715,
INTC,2024-12-31,0,-0.17614835169869775,
PFE,2009-06-30,0,-0.22045174199432754,
PFE,2009-07-31,0,-0.22045174199432754,
PFE,2009-08-31,0,-0.22045174199432754,
PFE,2009-09-30,0,-0.22045174199432754,
PFE,2009-10-31,0,-0.22045174199432754,
PFE,2009-11-30,0,-0.22045174199432754,
PFE,2009-12-31,0,-0.22045174199432754,
PFE,2010-01-31,0,-0.22045174199432754,
PFE,2010-02-28,0,-0.17890150292648577,
PFE,2010-03-31,0,-0.15975064183557494,
PFE,2010-04-30,0,-0.13814089575031394,
PFE,2010-05-31,0,-0.06368987572181971,
PFE,2010-06-30,0,-0.05461967800978426,
PFE,2010-07-31,0,-0.1025639569726405,
PFE,2010-08-31,0,-0.10528719232834628,
PFE,2010-09-30,0,-0.16656833286962452,
PFE,2010-10-31,0,-0.16656833286962452,
PFE,2010-11-30,0,-0.16656833286962452,
PFE,2010-12-31,0,-0.16656833286962452,
PFE,2011-01-31,0,-0.16656833286962452,
PFE,2011-02-28,0,-0.16656833286962452,
PFE,2011-03-31,0,-0.16656833286962452,
PFE,2011-04-30,0,-0.16656833286962452,
PFE,2011-05-31,0,-0.16656833286962452,
PFE,2011-06-30,0,-0.13217914582934323,
PFE,2011-07-31,0,-0.0713191501436418,
PFE,2011-08-31,0,-0.06849252633451461,
PFE,2011-09-30,0,-0.035513844995709094,
PFE,2011-10-31,0,-0.035513844995709094,
PFE,2011-11-30,0,-0.035513844995709094,
PFE,2011-12-31,0,-0.035513844995709094,
PFE,2012-01-31,0,-0.035513844995709094,
PFE,2012-02-29,0,-0.035513844995709094,
PFE,2012-03-31,0,-0.035513844995709094,
PFE,2012-04-30,0,-0.035513844995709094,
PFE,2012-05-31,0,-0.055486544554751355,
PFE,2012-06-30,0,-0.055486544554751355,
PFE,2012-07-31,0,-0.055486544554751355,
PFE,2012-08-31,0,-0.055486544554751355,
PFE,2012-09-30,0,-0.055486544554751355,
PFE,2012-10-31,0,-0.055486544554751355,
PFE,2012-11-30,0,-0.055486544554751355,
PFE,2012-12-31,0,-0.055486544554751355,
PFE,2013-01-31,0,-0.055486544554751355,
PFE,2013-02-28,0,-0.055486544554751355,
PFE,2013-03-31,0,-0.055486544554751355,
PFE,2013-04-30,0,-0.055486544554751355,
PFE,2013-05-31,0,-0.06929934934378977,
PFE,2013-06-30,0,-0.06929934934378977,
PFE,2013-07-31,0,-0.09055797742004634,
PFE,2013-08-31,0,-0.09055797742004634,
PFE,2013-09-30,0,-0.09055797742004634,
PFE,2013-10-31,0,-0.09055797742004634,
PFE,2013-11-30,0,-0.09055797742004634,
PFE,2013-12-31,0,-0.09055797742004634,
PFE,2014-01-31,0,-0.09055797742004634,
PFE,2014-02-28,0,-0.09055797742004634,
PFE,2014-03-31,0,-0.09055797742004634,
PFE,2014-04-30,0,-0.06613577282868223,
PFE,2014-05-31,0,-0.02471963879448578,
PFE,2014-06-30,0,-0.03510795556763912,
PFE,2014-07-31,0,-0.03510795556763912,
PFE,2014-08-31,0,-0.09950663441674984,
PFE,2014-09-30,0,-0.12214474296604143,
PFE,2014-10-31,0,-0.12214474296604143,
PFE,2014-11-30,0,-0.12214474296604143,
PFE,2014-12-31,0,-0.12214474296604143,
PFE,2015-01-31,0,-0.14097901820222358,
PFE,2015-02-28,0,-0.15567761298380303,
PFE,2015-03-31,0,-0.15653125075616212,
PFE,2015-04-30,0,-0.15653125075616212,
PFE,2015-05-31,0,-0.15653125075616212,
PFE,2015-06-30,0,-0.15653125075616212,
PFE,2015-07-31,0,-0.15653125075616212,
PFE,2015-08-31,0,-0.10763956450370407,
PFE,2015-09-30,0,-0.10763956450370407,
PFE,2015-10-31,0,-0.1332721842692818,
PFE,2015-11-30,0,-0.1332721842692818,
PFE,2015-12-31,0,-0.1332721842692818,
PFE,2016-01-31,0,-0.1332721842692818,
PFE,2016-02-29,0,-0.1332721842692818,
PFE,2016-03-31,0,-0.1332721842692818,
PFE,2016-04-30,0,-0.1332721842692818,
PFE,2016-05-31,0,-0.1332721842692818,
PFE,2016-06-30,0,-0.1332721842692818,
PFE,2016-07-31,0,-0.1332721842692818,
PFE,2016-08-31,0,-0.08879289511150501,
PFE,2016-09-30,0,-0.06377324810226875,
PFE,2016-10-31,0,-0.03636261726215788,
PFE,2016-11-30,0,-0.03636261726215788,
PFE,2016-12-31,0,-0.03636261726215788,
PFE,2017-01-31,0,-0.03636261726215788,
PFE,2017-02-28,0,-0.03636261726215788,
PFE,2017-03-31,0,-0.03636261726215788,
PFE,2017-04-30,0,-0.03296993949472873,
PFE,2017-05-31,0,-0.03296993949472873,
PFE,2017-06-30,0,-0.03296993949472873,
PFE,2017-07-31,0,-0.03296993949472873,
PFE,2017-08-31,0,-0.03296993949472873,
PFE,2017-09-30,0,-0.03296993949472873,
PFE,2017-10-31,0,-0.03296993949472873,
PFE,2017-11-30,0,-0.03296993949472873,
PFE,2017-12-31,0,-0.055808258854809896,
PFE,2018-01-31,0,-0.07374554004480122,
PFE,2018-02-28,0,-0.07374554004480122,
PFE,2018-03-31,0,-0.07374554004480122,
PFE,2018-04-30,0,-0.11389447171135875,
PFE,2018-05-31,0,-0.11389447171135875,
PFE,2018-06-30,0,-0.11389447171135875,
PFE,2018-07-31,0,-0.1449991396074478,
PFE,2018-08-31,0,-0.2101018308848947,
PFE,2018-09-30,0,-0.2101018308848947,
PFE,2018-10-31,0,-0.2101018308848947,
PFE,2018-11-30,0,-0.2101018308848947,
PFE,2018-12-31,0,-0.17168535346918784,
PFE,2019-01-31,0,-0.17168535346918784,
PFE,2019-02-28,0,-0.20575761026955164,
PFE,2019-03-31,0,-0.22429471056316685,
PFE,2019-04-30,0,-0.22429471056316685,
PFE,2019-05-31,0,-0.22429471056316685,
PFE,2019-06-30,0,-0.22429471056316685,
PFE,2019-07-31,0,-0.158411936065189,
PFE,2019-08-31,0,-0.158411936065189,
PFE,2019-09-30,0,-0.158411936065189,
PFE,2019-10-31,0,-0.158411936065189,
PFE,2019-11-30,0,-0.158411936065189,
PFE,2019-12-31,0,-0.158411936065189,
PFE,2020-01-31,0,-0.14375511301950716,
PFE,2020-02-29,0,-0.14375511301950716,
PFE,2020-03-31,0,-0.14375511301950716,
PFE,2020-04-30,0,-0.14375511301950716,
PFE,2020-05-31,0,-0.14375511301950716,
PFE,2020-06-30,0,-0.11630575267999584,
PFE,2020-07-31,0,-0.11630575267999584,
PFE,2020-08-31,0,-0.11630575267999584,
PFE,2020-09-30,0,-0.11630575267999584,
PFE,2020-10-31,0,-0.11630575267999584,
PFE,2020-11-30,0,-0.11630575267999584,
PFE,2020-12-31,0,-0.08029549360221305,
PFE,2021-01-31,0,-0.1009211390546793,
PFE,2021-02-28,0,-0.19903633169395654,
PFE,2021-03-31,0,-0.19903633169395654,
PFE,2021-04-30,0,-0.19903633169395654,
PFE,2021-05-31,0,-0.19903633169395654,
PFE,2021-06-30,0,-0.19903633169395654,
PFE,2021-07-31,0,-0.19903633169395654,
PFE,2021-08-31,0,-0.2158837880139469,
PFE,2021-09-30,0,-0.2413681834411166,
PFE,2021-10-31,0,-0.2413681834411166,
PFE,2021-11-30,0,-0.2413681834411166,
PFE,2021-12-31,0,-0.2413681834411166,
PFE,2022-01-31,0,-0.1685607930991161,
PFE,2022-02-28,0,-0.2154267294758125,
PFE,2022-03-31,0,-0.2154267294758125,
PFE,2022-04-30,0,-0.24791588329848274,
PFE,2022-05-31,0,-0.25678441421712794,
PFE,2022-06-30,0,-0.2746363047436793,
PFE,2022-07-31,0,-0.2741089441708081,
PFE,2022-08-31,0,-0.2877974680672092,
PFE,2022-09-30,0,-0.33228488935062206,
PFE,2022-10-31,0,-0.38482445766614776,
PFE,2022-11-30,0,-0.38482445766614776,
PFE,2022-12-31,1,-0.4126409983376526,
PFE,2023-01-31,0,-0.355224543634256,
PFE,2023-02-28,0,-0.3155261080492652,
PFE,2023-03-31,0,-0.3155261080492652,
PFE,2023-04-30,0,-0.30732399522110737,
PFE,2023-05-31,0,-0.29905853539693744,
PFE,2023-06-30,0,-0.27345166559412115,
PFE,2023-07-31,0,-0.26910268548958405,
PFE,2023-08-31,0,-0.2550548481021773,
PFE,2023-09-30,0,-0.2054218709882045,
PFE,2023-10-31,0,-0.1465199021908138,
PFE,2023-11-30,0,-0.1465199021908138,
PFE,2023-12-31,0,-0.12845099045860323,
PFE,2024-01-31,0,-0.12845099045860323,
PFE,2024-02-29,0,-0.12845099045860323,
PFE,2024-03-31,0,-0.14345032382771147,
PFE,2024-04-30,0,-0.17488639613807713,
PFE,2024-05-31,0,-0.19083692327438007,
PFE,2024-06-30,0,-0.19083692327438007,
PFE,2024-07-31,0,-0.19083692327438007,
PFE,2024-08-31,0,-0.14816133028962553,
PFE,2024-09-30,0,-0.14610097967821015,
PFE,2024-10-31,0,-0.12679004806595504,
PFE,2024-11-30,0,-0.09735584655785463,
PFE,2024-12-31,0,-0.09735584655785463,
SNAP,2017-03-31,1,-0.4004434183951644,
SNAP,2017-04-30,1,-0.4004434183951644,
SNAP,2017-05-31,1,-0.46298911669161236,
SNAP,2017-06-30,0,-0.3590320737247652,
SNAP,2017-07-31,0,-0.3423787214773186,
SNAP,2017-08-31,0,-0.37066975689453696,
SNAP,2017-09-30,1,-0.5103926275027344,
SNAP,2017-10-31,1,-0.6183602627031404,
SNAP,2017-11-30,1,-0.624133929354096,
SNAP,2017-12-31,1,-0.6818706509256808,
SNAP,2018-01-31,1,-0.6818706509256808,
SNAP,2018-02-28,1,-0.6818706509256808,
SNAP,2018-03-31,1,-0.652804015840248,
SNAP,2018-04-30,1,-0.6154919568585157,
SNAP,2018-05-31,1,-0.5790679782541859,
SNAP,2018-06-30,1,-0.5790679782541859,
SNAP,2018-07-31,1,-0.5591999816894532,
SNAP,2018-08-31,1,-0.4944953741544451,
SNAP,2018-09-30,0,-0.3502357869905321,
SNAP,2018-10-31,0,-0.1664145056601868,
SNAP,2018-11-30,0,-0.1536098256284948,
SNAP,2018-12-31,0,-0.10357136288467421,
SNAP,2019-01-31,0,-0.10357136288467421,
SNAP,2019-02-28,0,-0.2290532794723515,
SNAP,2019-03-31,0,-0.3531011487365683,
SNAP,2019-04-30,0,-0.3531011487365683,
SNAP,2019-05-31,0,-0.3531011487365683,
SNAP,2019-06-30,0,-0.3531011487365683,
SNAP,2019-07-31,0,-0.3531011487365683,
SNAP,2019-08-31,0,-0.3531011487365683,
SNAP,2019-09-30,0,-0.3531011487365683,
SNAP,2019-10-31,0,-0.3531011487365683,
SNAP,2019-11-30,0,-0.3531011487365683,
SNAP,2019-12-31,0,-0.3531011487365683,
SNAP,2020-01-31,0,-0.3531011487365683,
SNAP,2020-02-29,0,-0.16090329715562757,
SNAP,2020-03-31,0,-0.20362476394891676,
SNAP,2020-04-30,0,-0.20362476394891676,
SNAP,2020-05-31,0,-0.20362476394891676,
SNAP,2020-06-30,0,-0.20362476394891676,
SNAP,2020-07-31,0,-0.20362476394891676,
SNAP,2020-08-31,0,-0.20362476394891676,
SNAP,2020-09-30,0,-0.20362476394891676,
SNAP,2020-10-31,0,-0.30915777940614825,
SNAP,2020-11-30,0,-0.3744580182820781,
SNAP,2020-12-31,0,-0.382078591484068,
SNAP,2021-01-31,1,-0.5724609032377062,
SNAP,2021-02-28,1,-0.5724609032377062,
SNAP,2021-03-31,1,-0.5724609032377062,
SNAP,2021-04-30,1,-0.6260675488603021,
SNAP,2021-05-31,1,-0.8146104382666609,
SNAP,2021-06-30,1,-0.8274865325299297,
SNAP,2021-07-31,1,-0.870187885491921,
SNAP,2021-08-31,1,-0.870187885491921,
SNAP,2021-09-30,1,-0.8670637697346154,
SNAP,2021-10-31,1,-0.8132369845406823,
SNAP,2021-11-30,1,-0.7937408198081578,
SNAP,2021-12-31,1,-0.8096959378785903,
SNAP,2022-01-31,1,-0.7759138678768,
SNAP,2022-02-28,1,-0.7759138678768,
SNAP,2022-03-31,1,-0.7513198279559954,
SNAP,2022-04-30,1,-0.6939564188918398,
SNAP,2022-05-31,0,-0.38270728206395405,
SNAP,2022-06-30,0,-0.3366336662429002,
SNAP,2022-07-31,0,-0.24653981643750023,
SNAP,2022-08-31,0,-0.24653981643750023,
SNAP,2022-09-30,0,-0.24746623880197888,
SNAP,2022-10-31,0,-0.24746623880197888,
SNAP,2022-11-30,0,-0.24746623880197888,
SNAP,2022-12-31,0,-0.24746623880197888,
SNAP,2023-01-31,0,-0.24746623880197888,
SNAP,2023-02-28,0,-0.34908445014057826,
SNAP,2023-03-31,0,-0.34908445014057826,
SNAP,2023-04-30,0,-0.34908445014057826,
SNAP,2023-05-31,0,-0.34908445014057826,
SNAP,2023-06-30,0,-0.34908445014057826,
SNAP,2023-07-31,0,-0.34908445014057826,
SNAP,2023-08-31,1,-0.4483165986870952,
SNAP,2023-09-30,1,-0.4483165986870952,
SNAP,2023-10-31,1,-0.4483165986870952,
SNAP,2023-11-30,1,-0.4483165986870952,
SNAP,2023-12-31,1,-0.4483165986870952,
SNAP,2024-01-31,1,-0.4376881511511153,
SNAP,2024-02-29,1,-0.4376881511511153,
SNAP,2024-03-31,1,-0.4756171151060169,
SNAP,2024-04-30,1,-0.5207706354215182,
SNAP,2024-05-31,1,-0.5207706354215182,
SNAP,2024-06-30,1,-0.5207706354215182,
SNAP,2024-07-31,1,-0.40240238584690013,
SNAP,2024-08-31,1,-0.4128289509801984,
SNAP,2024-09-30,1,-0.4128289509801984,
SNAP,2024-10-31,1,-0.4128289509801984,
SNAP,2024-11-30,0,-0.39542763651169044,
SNAP,2024-12-31,0,-0.3675819406013791,
SPG,2009-06-30,0,-0.09774471799072028,
SPG,2009-07-31,0,-0.09774471799072028,
SPG,2009-08-31,0,-0.09774471799072028,
SPG,2009-09-30,0,-0.09774471799072028,
SPG,2009-10-31,0,-0.09774471799072028,
SPG,2009-11-30,0,-0.09774471799072028,
SPG,2009-12-31,0,-0.09774471799072028,
SPG,2010-01-31,0,-0.08685465057677112,
SPG,2010-02-28,0,-0.08685465057677112,
SPG,2010-03-31,0,-0.08685465057677112,
SPG,2010-04-30,0,-0.08685465057677112,
SPG,2010-05-31,0,-0.050335146635463276,
SPG,2010-06-30,0,-0.026172088192075605,
SPG,2010-07-31,0,-0.026172088192075605,
SPG,2010-08-31,0,-0.026172088192075605,
SPG,2010-09-30,0,-0.08094343016493305,
SPG,2010-10-31,0,-0.08094343016493305,
SPG,2010-11-30,0,-0.08094343016493305,
SPG,2010-12-31,0,-0.08094343016493305,
SPG,2011-01-31,0,-0.08094343016493305,
SPG,2011-02-28,0,-0.08094343016493305,
SPG,2011-03-31,0,-0.08094343016493305,
SPG,2011-04-30,0,-0.08094343016493305,
SPG,2011-05-31,0,-0.08094343016493305,
SPG,2011-06-30,0,-0.08094343016493305,
SPG,2011-07-31,0,-0.08094343016493305,
SPG,2011-08-31,0,-0.06399977969617619,
SPG,2011-09-30,0,-0.04773831706404068,
SPG,2011-10-31,0,-0.04773831706404068,
SPG,2011-11-30,0,-0.04773831706404068,
SPG,2011-12-31,0,-0.04773831706404068,
SPG,2012-01-31,0,-0.04773831706404068,
SPG,2012-02-29,0,-0.04773831706404068,
SPG,2012-03-31,0,-0.04773831706404068,
SPG,2012-04-30,0,-0.04773831706404068,
SPG,2012-05-31,0,-0.05927528291707064,
SPG,2012-06-30,0,-0.10743086326765544,
SPG,2012-07-31,0,-0.10743086326765544,
SPG,2012-08-31,0,-0.17074949987046045,
SPG,2012-09-30,0,-0.17074949987046045,
SPG,2012-10-31,0,-0.17074949987046045,
SPG,2012-11-30,0,-0.17074949987046045,
SPG,2012-12-31,0,-0.17074949987046045,
SPG,2013-01-31,0,-0.17074949987046045,
SPG,2013-02-28,0,-0.17074949987046045,
SPG,2013-03-31,0,-0.17074949987046045,
SPG,2013-04-30,0,-0.17074949987046045,
SPG,2013-05-31,0,-0.11849823325473738,
SPG,2013-06-30,0,-0.08336160395693393,
SPG,2013-07-31,0,-0.08336160395693393,
SPG,2013-08-31,0,-0.022581060942251503,
SPG,2013-09-30,0,-0.03299404541008582,
SPG,2013-10-31,0,-0.03299404541008582,
SPG,2013-11-30,0,-0.03299404541008582,
SPG,2013-12-31,0,-0.03299404541008582,
SPG,2014-01-31,0,-0.03299404541008582,
SPG,2014-02-28,0,-0.03484146402800403,
SPG,2014-03-31,0,-0.03484146402800403,
SPG,2014-04-30,0,-0.07981413201324056,
SPG,2014-05-31,0,-0.07981413201324056,
SPG,2014-06-30,0,-0.11556513805674895,
SPG,2014-07-31,0,-0.11556513805674895,
SPG,2014-08-31,0,-0.11556513805674895,
SPG,2014-09-30,0,-0.11556513805674895,
SPG,2014-10-31,0,-0.11556513805674895,
SPG,2014-11-30,0,-0.11556513805674895,
SPG,2014-12-31,0,-0.11556513805674895,
SPG,2015-01-31,0,-0.11556513805674895,
SPG,2015-02-28,0,-0.10836891028144623,
SPG,2015-03-31,0,-0.10836891028144623,
SPG,2015-04-30,0,-0.0678434521041104,
SPG,2015-05-31,0,-0.0678434521041104,
SPG,2015-06-30,0,-0.0678434521041104,
SPG,2015-07-31,0,-0.0678434521041104,
SPG,2015-08-31,0,-0.0678434521041104,
SPG,2015-09-30,0,-0.08117805149829248,
SPG,2015-10-31,0,-0.17460922677740198,
SPG,2015-11-30,0,-0.1953458048523263,
SPG,2015-12-31,0,-0.20421410903215348,
SPG,2016-01-31,0,-0.20421410903215348,
SPG,2016-02-29,0,-0.20421410903215348,
SPG,2016-03-31,0,-0.22199475272518043,
SPG,2016-04-30,0,-0.25261189094290615,
SPG,2016-05-31,0,-0.2945655388276959,
SPG,2016-06-30,0,-0.2945655388276959,
SPG,2016-07-31,0,-0.2945655388276959,
SPG,2016-08-31,0,-0.26238491437826494,
SPG,2016-09-30,0,-0.2322403025715345,
SPG,2016-10-31,0,-0.15410324889171248,
SPG,2016-11-30,0,-0.15410324889171248,
SPG,2016-12-31,0,-0.15410324889171248,
SPG,2017-01-31,0,-0.15410324889171248,
SPG,2017-02-28,0,-0.15410324889171248,
SPG,2017-03-31,0,-0.09489268733448614,
SPG,2017-04-30,0,-0.09489268733448614,
SPG,2017-05-31,0,-0.09489268733448614,
SPG,2017-06-30,0,-0.09489268733448614,
SPG,2017-07-31,0,-0.09489268733448614,
SPG,2017-08-31,0,-0.09489268733448614,
SPG,2017-09-30,0,-0.09489268733448614,
SPG,2017-10-31,0,-0.09489268733448614,
SPG,2017-11-30,0,-0.09489268733448614,
SPG,2017-12-31,0,-0.09532043708407964,
SPG,2018-01-31,0,-0.09532043708407964,
SPG,2018-02-28,0,-0.09532043708407964,
SPG,2018-03-31,0,-0.09532043708407964,
SPG,2018-04-30,0,-0.09532043708407964,
SPG,2018-05-31,0,-0.1069478885593634,
SPG,2018-06-30,0,-0.11978524571419422,
SPG,2018-07-31,0,-0.11978524571419422,
SPG,2018-08-31,0,-0.1679123944686079,
SPG,2018-09-30,0,-0.1679123944686079,
SPG,2018-10-31,0,-0.1679123944686079,
SPG,2018-11-30,0,-0.1679123944686079,
SPG,2018-12-31,0,-0.16143742867331273,
SPG,2019-01-31,0,-0.23999757342991987,
SPG,2019-02-28,0,-0.2867125579928693,
SPG,2019-03-31,1,-0.6820690328393765,
SPG,2019-04-30,1,-0.6664927165115748,
SPG,2019-05-31,1,-0.6469835179263579,
SPG,2019-06-30,1,-0.6469835179263579,
SPG,2019-07-31,1,-0.6469835179263579,
SPG,2019-08-31,1,-0.6372065103028116,
SPG,2019-09-30,1,-0.6372065103028116,
SPG,2019-10-31,1,-0.6316349314178963,
SPG,2019-11-30,1,-0.6316349314178963,
SPG,2019-12-31,1,-0.6260709264881347,
SPG,2020-01-31,1,-0.5816711157154351,
SPG,2020-02-29,1,-0.554273707292543,
SPG,2020-03-31,0,-0.13583960781320864,
SPG,2020-04-30,0,-0.13583960781320864,
SPG,2020-05-31,0,-0.06978098818317008,
SPG,2020-06-30,0,-0.06978098818317008,
SPG,2020-07-31,0,-0.05702297260574722,
SPG,2020-08-31,0,-0.05702297260574722,
SPG,2020-09-30,0,-0.02242483319768133,
SPG,2020-10-31,0,-0.02242483319768133,
SPG,2020-11-30,0,-0.02242483319768133,
SPG,2020-12-31,0,-0.02242483319768133,
SPG,2021-01-31,0,-0.07867560387111588,
SPG,2021-02-28,0,-0.139012530833078,
SPG,2021-03-31,0,-0.16609412776062132,
SPG,2021-04-30,0,-0.2520455357828974,
SPG,2021-05-31,0,-0.2732799615122604,
SPG,2021-06-30,0,-0.3890908538176438,
SPG,2021-07-31,0,-0.3890908538176438,
SPG,2021-08-31,0,-0.3890908538176438,
SPG,2021-09-30,1,-0.41242645872864275,
SPG,2021-10-31,1,-0.41242645872864275,
SPG,2021-11-30,1,-0.41242645872864275,
SPG,2021-12-31,1,-0.41242645872864275,
SPG,2022-01-31,0,-0.3622511856408483,
SPG,2022-02-28,0,-0.317558544911363,
SPG,2022-03-31,0,-0.2953958464239114,
SPG,2022-04-30,0,-0.2144260521442558,
SPG,2022-05-31,0,-0.19147194221579159,
SPG,2022-06-30,0,-0.16921796211642537,
SPG,2022-07-31,0,-0.16921796211642537,
SPG,2022-08-31,0,-0.16921796211642537,
SPG,2022-09-30,0,-0.16921796211642537,
SPG,2022-10-31,0,-0.16921796211642537,
SPG,2022-11-30,0,-0.16921796211642537,
SPG,2022-12-31,0,-0.16921796211642537,
SPG,2023-01-31,0,-0.16921796211642537,
SPG,2023-02-28,0,-0.12587221686601566,
SPG,2023-03-31,0,-0.1185162648231343,
SPG,2023-04-30,0,-0.1185162648231343,
SPG,2023-05-31,0,-0.1185162648231343,
SPG,2023-06-30,0,-0.1185162648231343,
SPG,2023-07-31,0,-0.1185162648231343,
SPG,2023-08-31,0,-0.10198727292653749,
SPG,2023-09-30,0,-0.10198727292653749,
SPG,2023-10-31,0,-0.10198727292653749,
SPG,2023-11-30,0,-0.10198727292653749,
SPG,2023-12-31,0,-0.10198727292653749,
SPG,2024-01-31,0,-0.10198727292653749,
SPG,2024-02-29,0,-0.10198727292653749,
SPG,2024-03-31,0,-0.10198727292653749,
SPG,2024-04-30,0,-0.1437711847937126,
SPG,2024-05-31,0,-0.1437711847937126,
SPG,2024-06-30,0,-0.1437711847937126,
SPG,2024-07-31,0,-0.1437711847937126,
SPG,2024-08-31,0,-0.1437711847937126,
SPG,2024-09-30,0,-0.1437711847937126,
SPG,2024-10-31,0,-0.1437711847937126,
SPG,2024-11-30,0,-0.1437711847937126,
SPG,2024-12-31,0,-0.1437711847937126,
XOM,2009-06-30,0,-0.2296203334215749,
XOM,2009-07-31,0,-0.2296203334215749,
XOM,2009-08-31,0,-0.2296203334215749,
XOM,2009-09-30,0,-0.2296203334215749,
XOM,2009-10-31,0,-0.2296203334215749,
XOM,2009-11-30,0,-0.2296203334215749,
XOM,2009-12-31,0,-0.15216789011868975,
XOM,2010-01-31,0,-0.15216789011868975,
XOM,2010-02-28,0,-0.15216789011868975,
XOM,2010-03-31,0,-0.15216789011868975,
XOM,2010-04-30,0,-0.15216789011868975,
XOM,2010-05-31,0,-0.05607013423387028,
XOM,2010-06-30,0,-0.06977083379475156,
XOM,2010-07-31,0,-0.08794591424743968,
XOM,2010-08-31,0,-0.1483132311903232,
XOM,2010-09-30,0,-0.16430668770759466,
XOM,2010-10-31,0,-0.16430668770759466,
XOM,2010-11-30,0,-0.16430668770759466,
XOM,2010-12-31,0,-0.16430668770759466,
XOM,2011-01-31,0,-0.16430668770759466,
XOM,2011-02-28,0,-0.16430668770759466,
XOM,2011-03-31,0,-0.16430668770759466,
XOM,2011-04-30,0,-0.16430668770759466,
XOM,2011-05-31,0,-0.12412052022286839,
XOM,2011-06-30,0,-0.10162641351968148,
XOM,2011-07-31,0,-0.08714800045780961,
XOM,2011-08-31,0,-0.08714800045780961,
XOM,2011-09-30,0,-0.08714800045780961,
XOM,2011-10-31,0,-0.08714800045780961,
XOM,2011-11-30,0,-0.08714800045780961,
XOM,2011-12-31,0,-0.08714800045780961,
XOM,2012-01-31,0,-0.08714800045780961,
XOM,2012-02-29,0,-0.08714800045780961,
XOM,2012-03-31,0,-0.08714800045780961,
XOM,2012-04-30,0,-0.08302423928149673,
XOM,2012-05-31,0,-0.04765595587297812,
XOM,2012-06-30,0,-0.04765595587297812,
XOM,2012-07-31,0,-0.04765595587297812,
XOM,2012-08-31,0,-0.06386753052265295,
XOM,2012-09-30,0,-0.07589719967749133,
XOM,2012-10-31,0,-0.07589719967749133,
XOM,2012-11-30,0,-0.07589719967749133,
XOM,2012-12-31,0,-0.07589719967749133,
XOM,2013-01-31,0,-0.08932784707869951,
XOM,2013-02-28,0,-0.08932784707869951,
XOM,2013-03-31,0,-0.08932784707869951,
XOM,2013-04-30,0,-0.08932784707869951,
XOM,2013-05-31,0,-0.08932784707869951,
XOM,2013-06-30,0,-0.08932784707869951,
XOM,2013-07-31,0,-0.08932784707869951,
XOM,2013-08-31,0,-0.08932784707869951,
XOM,2013-09-30,0,-0.08932784707869951,
XOM,2013-10-31,0,-0.08932784707869951,
XOM,2013-11-30,0,-0.09723239788682217,
XOM,2013-12-31,0,-0.09723239788682217,
XOM,2014-01-31,0,-0.12834145538550176,
XOM,2014-02-28,0,-0.12834145538550176,
XOM,2014-03-31,0,-0.14609199449967908,
XOM,2014-04-30,0,-0.14609199449967908,
XOM,2014-05-31,0,-0.1372766546464477,
XOM,2014-06-30,0,-0.1485615606219958,
XOM,2014-07-31,0,-0.18512739051016977,
XOM,2014-08-31,0,-0.2187265966627367,
XOM,2014-09-30,0,-0.20601501301298744,
XOM,2014-10-31,0,-0.20601501301298744,
XOM,2014-11-30,0,-0.17538256708068617,
XOM,2014-12-31,0,-0.17538256708068617,
XOM,2015-01-31,0,-0.1453993275664034,
XOM,2015-02-28,0,-0.1453993275664034,
XOM,2015-03-31,0,-0.1339550403634338,
XOM,2015-04-30,0,-0.1339550403634338,
XOM,2015-05-31,0,-0.1191825797083846,
XOM,2015-06-30,0,-0.09800892829378938,
XOM,2015-07-31,0,-0.052573352665333924,
XOM,2015-08-31,0,-0.0624803479915273,
XOM,2015-09-30,0,-0.0624803479915273,
XOM,2015-10-31,0,-0.10357899882811643,
XOM,2015-11-30,0,-0.10357899882811643,
XOM,2015-12-31,0,-0.10357899882811643,
XOM,2016-01-31,0,-0.10357899882811643,
XOM,2016-02-29,0,-0.10927826844718438,
XOM,2016-03-31,0,-0.10927826844718438,
XOM,2016-04-30,0,-0.10927826844718438,
XOM,2016-05-31,0,-0.10993339778360281,
XOM,2016-06-30,0,-0.10993339778360281,
XOM,2016-07-31,0,-0.09666912199281717,
XOM,2016-08-31,0,-0.1301899597135044,
XOM,2016-09-30,0,-0.1301899597135044,
XOM,2016-10-31,0,-0.1301899597135044,
XOM,2016-11-30,0,-0.1301899597135044,
XOM,2016-12-31,0,-0.1301899597135044,
XOM,2017-01-31,0,-0.06414309684270125,
XOM,2017-02-28,0,-0.12354523536913911,
XOM,2017-03-31,0,-0.13662146778847362,
XOM,2017-04-30,0,-0.13662146778847362,
XOM,2017-05-31,0,-0.13662146778847362,
XOM,2017-06-30,0,-0.13662146778847362,
XOM,2017-07-31,0,-0.13662146778847362,
XOM,2017-08-31,0,-0.13662146778847362,
XOM,2017-09-30,0,-0.13662146778847362,
XOM,2017-10-31,0,-0.13662146778847362,
XOM,2017-11-30,0,-0.13662146778847362,
XOM,2017-12-31,0,-0.18982265624925973,
XOM,2018-01-31,0,-0.18982265624925973,
XOM,2018-02-28,0,-0.18982265624925973,
XOM,2018-03-31,0,-0.18982265624925973,
XOM,2018-04-30,0,-0.18982265624925973,
XOM,2018-05-31,0,-0.18982265624925973,
XOM,2018-06-30,0,-0.18982265624925973,
XOM,2018-07-31,0,-0.18982265624925973,
XOM,2018-08-31,0,-0.18982265624925973,
XOM,2018-09-30,0,-0.18982265624925973,
XOM,2018-10-31,0,-0.1436347856577696,
XOM,2018-11-30,0,-0.1436347856577696,
XOM,2018-12-31,0,-0.1436347856577696,
XOM,2019-01-31,0,-0.2032120324606858,
XOM,2019-02-28,0,-0.33072769460226364,
XOM,2019-03-31,1,-0.505982285344416,
XOM,2019-04-30,1,-0.5027823802539623,
XOM,2019-05-31,1,-0.4850021170217435,
XOM,2019-06-30,1,-0.4850021170217435,
XOM,2019-07-31,1,-0.46928081755061446,
XOM,2019-08-31,1,-0.44804944474061764,
XOM,2019-09-30,1,-0.48125037991125275,
XOM,2019-10-31,1,-0.5070896165928367,
XOM,2019-11-30,1,-0.5070896165928367,
XOM,2019-12-31,1,-0.5070896165928367,
XOM,2020-01-31,1,-0.44630889394028855,
XOM,2020-02-29,0,-0.3408147812425461,
XOM,2020-03-31,0,-0.27031455873525084,
XOM,2020-04-30,0,-0.27031455873525084,
XOM,2020-05-31,0,-0.2684508904122524,
XOM,2020-06-30,0,-0.2561823775454033,
XOM,2020-07-31,0,-0.20951679095884454,
XOM,2020-08-31,0,-0.1832747423917164,
XOM,2020-09-30,0,-0.12261900275863682,
XOM,2020-10-31,0,-0.12261900275863682,
XOM,2020-11-30,0,-0.12261900275863682,
XOM,2020-12-31,0,-0.12261900275863682,
XOM,2021-01-31,0,-0.12261900275863682,
XOM,2021-02-28,0,-0.12261900275863682,
XOM,2021-03-31,0,-0.12261900275863682,
XOM,2021-04-30,0,-0.12261900275863682,
XOM,2021-05-31,0,-0.12261900275863682,
XOM,2021-06-30,0,-0.12261900275863682,
XOM,2021-07-31,0,-0.10791644822910065,
XOM,2021-08-31,0,-0.10791644822910065,
XOM,2021-09-30,0,-0.10791644822910065,
XOM,2021-10-31,0,-0.10791644822910065,
XOM,2021-11-30,0,-0.10791644822910065,
XOM,2021-12-31,0,-0.10791644822910065,
XOM,2022-01-31,0,-0.10791644822910065,
XOM,2022-02-28,0,-0.10791644822910065,
XOM,2022-03-31,0,-0.10791644822910065,
XOM,2022-04-30,0,-0.10791644822910065,
XOM,2022-05-31,0,-0.12906310181489755,
XOM,2022-06-30,0,-0.12906310181489755,
XOM,2022-07-31,0,-0.12906310181489755,
XOM,2022-08-31,0,-0.12906310181489755,
XOM,2022-09-30,0,-0.12906310181489755,
XOM,2022-10-31,0,-0.12906310181489755,
XOM,2022-11-30,0,-0.12906310181489755,
XOM,2022-12-31,0,-0.14190979257994793,
XOM,2023-01-31,0,-0.14190979257994793,
XOM,2023-02-28,0,-0.14190979257994793,
XOM,2023-03-31,0,-0.14190979257994793,
XOM,2023-04-30,0,-0.14190979257994793,
XOM,2023-05-31,0,-0.14190979257994793,
XOM,2023-06-30,0,-0.14190979257994793,
XOM,2023-07-31,0,-0.14190979257994793,
XOM,2023-08-31,0,-0.14190979257994793,
XOM,2023-09-30,0,-0.14190979257994793,
XOM,2023-10-31,0,-0.04681864088876078,
XOM,2023-11-30,0,-0.02686393939262799,
XOM,2023-12-31,0,-0.0880808118989048,
XOM,2024-01-31,0,-0.09435405458400846,
XOM,2024-02-29,0,-0.09435405458400846,
XOM,2024-03-31,0,-0.09435405458400846,
XOM,2024-04-30,0,-0.11183048188330932,
XOM,2024-05-31,0,-0.13190774766568342,
XOM,2024-06-30,0,-0.13190774766568342,
XOM,2024-07-31,0,-0.13190774766568342,
XOM,2024-08-31,0,-0.13190774766568342,
XOM,2024-09-30,0,-0.13190774766568342,
XOM,2024-10-31,0,-0.13190774766568342,
XOM,2024-11-30,0,-0.13190774766568342,
XOM,2024-12-31,0,-0.13190774766568342,
